{
      "banks": [
        { "key": "harda", "label": "Allo Bank/Bank Harda Internasional" },
        { "key": "anz", "label": "ANZ Indonesia" },
        { "key": "aceh", "label": "Bank Aceh Syariah" },
        { "key": "aladin", "label": "Bank Aladin Syariah" },
        { "key": "amar", "label": "Bank Amar Indonesia" },
        { "key": "antardaerah", "label": "Bank Antardaerah" },
        { "key": "artha", "label": "Bank Artha Graha Internasional" },
        { "key": "bengkulu", "label": "Bank Bengkulu" },
        { "key": "daerah_istimewa", "label": "Bank BPD DIY" },
        { "key": "daerah_istimewa_syr", "label": "Bank BPD DIY Syariah" },
        { "key": "btpn_syr", "label": "Bank BTPN Syariah" },
        { "key": "bukopin_syr", "label": "Bank Bukopin Syariah" },
        { "key": "bumi_arta", "label": "Bank Bumi Arta" },
        { "key": "capital", "label": "Bank Capital Indonesia" },
        { "key": "bca", "label": "BCA (Bank Central Asia)" },
        { "key": "ccb", "label": "Bank China Construction Bank Indonesia" },
        { "key": "cnb", "label": "Bank CNB (Centratama Nasional Bank)" },
        { "key": "danamon", "label": "Bank Danamon & Danamon Syariah" },
        { "key": "dinar", "label": "Bank Dinar Indonesia" },
        { "key": "dki", "label": "Bank DKI" },
        { "key": "dki_syr", "label": "Bank DKI Syariah" },
        { "key": "ganesha", "label": "Bank Ganesha" },
        { "key": "agris", "label": "Bank IBK Indonesia" },
        { "key": "ina_perdana", "label": "Bank Ina Perdana" },
        { "key": "index_selindo", "label": "Bank Index Selindo" },
        { "key": "artos_syr", "label": "Bank Jago Syariah" },
        { "key": "jambi", "label": "Bank Jambi" },
        { "key": "jambi_syr", "label": "Bank Jambi Syariah" },
        { "key": "jasa_jakarta", "label": "Bank Jasa Jakarta" },
        { "key": "jawa_tengah", "label": "Bank Jateng" },
        { "key": "jawa_tengah_syr", "label": "Bank Jateng Syariah" },
        { "key": "jawa_timur", "label": "Bank Jatim" },
        { "key": "jawa_timur_syr", "label": "Bank Jatim Syariah" },
        { "key": "kalimantan_barat", "label": "Bank Kalbar" },
        { "key": "kalimantan_barat_syr", "label": "Bank Kalbar Syariah" },
        { "key": "kalimantan_selatan", "label": "Bank Kalsel" },
        { "key": "kalimantan_selatan_syr", "label": "Bank Kalsel Syariah" },
        { "key": "kalimantan_tengah", "label": "Bank Kalteng" },
        { "key": "kalimantan_timur_syr", "label": "Bank Kaltim Syariah" },
        { "key": "kalimantan_timur", "label": "Bank Kaltimtara" },
        { "key": "lampung", "label": "Bank Lampung" },
        { "key": "maluku", "label": "Bank Maluku" },
        { "key": "mandiri", "label": "Bank Mandiri" },
        { "key": "mantap", "label": "Bank MANTAP (Mandiri Taspen)" },
        { "key": "maspion", "label": "Bank Maspion Indonesia" },
        { "key": "mayapada", "label": "Bank Mayapada" },
        { "key": "mayora", "label": "Bank Mayora Indonesia" },
        { "key": "mega", "label": "Bank Mega" },
        { "key": "mega_syr", "label": "Bank Mega Syariah" },
        { "key": "mestika_dharma", "label": "Bank Mestika Dharma" },
        { "key": "mizuho", "label": "Bank Mizuho Indonesia" },
        { "key": "mas", "label": "Bank Multi Arta Sentosa (Bank MAS)" },
        { "key": "mutiara", "label": "Bank Mutiara" },
        { "key": "sumatera_barat", "label": "Bank Nagari" },
        { "key": "sumatera_barat_syr", "label": "Bank Nagari Syariah" },
        { "key": "nusa_tenggara_barat", "label": "Bank NTB Syariah" },
        { "key": "nusa_tenggara_timur", "label": "Bank NTT" },
        { "key": "nusantara_parahyangan", "label": "Bank Nusantara Parahyangan" },
        { "key": "ocbc", "label": "Bank OCBC NISP" },
        { "key": "ocbc_syr", "label": "Bank OCBC NISP Syariah" },
        { "key": "america_na", "label": "Bank of America NA" },
        { "key": "boc", "label": "Bank of China (Hong Kong) Limited" },
        { "key": "india", "label": "Bank of India Indonesia" },
        { "key": "tokyo", "label": "Bank of Tokyo Mitsubishi UFJ" },
        { "key": "papua", "label": "Bank Papua" },
        { "key": "prima", "label": "Bank Prima Master" },
        { "key": "bri", "label": "Bank Rakyat Indonesia" },
        { "key": "riau_dan_kepri", "label": "Bank Riau Kepri" },
        { "key": "sahabat_sampoerna", "label": "Bank Sahabat Sampoerna" },
        { "key": "shinhan", "label": "Bank Shinhan Indonesia" },
        { "key": "sinarmas", "label": "Bank Sinarmas" },
        { "key": "sinarmas_syr", "label": "Bank Sinarmas Syariah" },
        { "key": "sulselbar", "label": "Bank Sulselbar" },
        { "key": "sulselbar_syr", "label": "Bank Sulselbar Syariah" },
        { "key": "sulawesi", "label": "Bank Sulteng" },
        { "key": "sulawesi_tenggara", "label": "Bank Sultra" },
        { "key": "sulut", "label": "Bank SulutGo" },
        { "key": "sumsel_dan_babel", "label": "Bank Sumsel Babel" },
        { "key": "sumsel_dan_babel_syr", "label": "Bank Sumsel Babel Syariah" },
        { "key": "sumut", "label": "Bank Sumut" },
        { "key": "sumut_syr", "label": "Bank Sumut Syariah" },
        { "key": "resona_perdania", "label": "Bank Resona Perdania" },
        { "key": "victoria_internasional", "label": "Bank Victoria International" },
        { "key": "victoria_syr", "label": "Bank Victoria Syariah" },
        { "key": "woori", "label": "Bank Woori Saudara" },
        { "key": "bca_syr", "label": "BCA (Bank Central Asia) Syariah" },
        { "key": "bjb", "label": "BJB" },
        { "key": "bjb_syr", "label": "BJB Syariah" },
        { "key": "royal", "label": "Blu/BCA Digital" },
        { "key": "bni", "label": "BNI (Bank Negara Indonesia)" },
        { "key": "bnp_paribas", "label": "BNP Paribas Indonesia" },
        { "key": "bali", "label": "BPD Bali" },
        { "key": "banten", "label": "BPD Banten" },
        { "key": "eka", "label": "BPR EKA (Bank Eka)" },
        { "key": "agroniaga", "label": "BRI Agroniaga" },
        { "key": "bsm", "label": "BSI (Bank Syariah Indonesia)" },
        { "key": "btn", "label": "BTN" },
        { "key": "btn_syr", "label": "BTN Syariah" },
        { "key": "tabungan_pensiunan_nasional", "label": "BTPN" },
        { "key": "cimb", "label": "CIMB Niaga & CIMB Niaga Syariah" },
        { "key": "citibank", "label": "Citibank" },
        { "key": "commonwealth", "label": "Commonwealth Bank" },
        { "key": "chinatrust", "label": "CTBC (Chinatrust) Indonesia" },
        { "key": "dbs", "label": "DBS Indonesia" },
        { "key": "hsbc", "label": "HSBC Indonesia" },
        { "key": "icbc", "label": "ICBC Indonesia" },
        { "key": "artos", "label": "Jago/Artos" },
        { "key": "hana", "label": "LINE Bank/KEB Hana" },
        { "key": "bii", "label": "Maybank Indonesia" },
        { "key": "bii_syr", "label": "Maybank Syariah" },
        { "key": "mnc_internasional", "label": "Motion/MNC Bank" },
        { "key": "muamalat", "label": "Muamalat" },
        { "key": "yudha_bakti", "label": "Neo Commerce/Yudha Bhakti" },
        { "key": "nationalnobu", "label": "Nobu (Nationalnobu) Bank" },
        { "key": "panin", "label": "Panin Bank" },
        { "key": "panin_syr", "label": "Panin Dubai Syariah" },
        { "key": "permata", "label": "Permata" },
        { "key": "permata_syr", "label": "Permata Syariah" },
        { "key": "qnb_kesawan", "label": "QNB Indonesia" },
        { "key": "rabobank", "label": "Rabobank International Indonesia" },
        { "key": "sbi_indonesia", "label": "SBI Indonesia" },
        { "key": "kesejahteraan_ekonomi", "label": "Seabank/Bank BKE" },
        { "key": "standard_chartered", "label": "Standard Chartered Bank" },
        { "key": "super_bank", "label": "Superbank" },
        { "key": "uob", "label": "TMRW/UOB" },
        { "key": "bukopin", "label": "Wokee/Bukopin" },
        { "key": "krom", "label": "Krom Bank Indonesia" }
      ],
      "ewallets": [
        { "key": "ovo", "label": "OVO" },
        { "key": "dana", "label": "DANA" },
        { "key": "linkaja", "label": "LinkAja" },
        { "key": "gopay", "label": "GoPay" },
        { "key": "shopeepay", "label": "ShopeePay" }
      ]
    }